{
  "loss": [
    1.4896036113500595,
    2.438045740580559
  ],
  "policy_loss": [
    0.28452392953038214,
    1.5735111908435822
  ],
  "value_loss": [
    1.8120932238459586,
    1.1049454695105552
  ],
  "kl": [
    3.09671192150116,
    3.247384413051605
  ],
  "entropy": [
    1.063813266336918,
    1.267655492734909
  ],
  "reward": [
    -2.999432487487793,
    -2.7713786372065545
  ],
  "eval_reward": [
    -2.8883858808875083,
    -2.999536987990141,
    -2.748495384193957
  ],
  "eval_kl": [
    0.0,
    3.217886998103215,
    3.253311514854431
  ]
}