{
  "base": {
    "ppo": 52.0,
    "grpo": 66.0,
    "dpo": 35.0
  },
  "ppo": {
    "base": 33.0,
    "grpo": 48.0,
    "dpo": 25.0
  },
  "grpo": {
    "base": 23.0,
    "ppo": 28.000000000000004,
    "dpo": 16.0
  },
  "dpo": {
    "base": 56.00000000000001,
    "ppo": 53.0,
    "grpo": 60.0
  }
}