{
  "train_loss": [
    0.6896849760571166
  ],
  "train_acc": [
    0.534220259770049
  ],
  "train_margin": [
    0.010685797969103874
  ],
  "val_loss": [
    0.6866621449051503
  ],
  "val_acc": [
    0.5492131062951496
  ],
  "val_margin": [
    0.020747521088215436
  ],
  "eval_reward": [
    -2.6993986975122244,
    -2.2597278402000667
  ]
}